Nehru D. Daniel,vitae.sodales@justoProinnon.org,76,Cuba
Angela N. Farrell,ultrices.posuere@magnaCras.org,38,Sierra Leone
Tiger O. Butler,turpis@odio.ca,71,French Guiana
Donna Y. Scott,mollis.lectus@Nullamutnisi.com,30,Palau
Ulla G. Mcpherson,dolor.tempus@montes.ca,75,Algeria
Richard B. Morse,lorem.lorem.luctus@mauris.net,40,Ghana
Yardley Q. Hull,vitae@parturientmontesnascetur.edu,27,Lithuania
Dean U. Douglas,convallis.ante.lectus@orciPhasellusdapibus.net,34,Mauritania
Fleur E. Garrison,ultrices.posuere@dictumeuplacerat.edu,37,Guatemala
Idona F. Valenzuela,nulla@congueaaliquet.com,64,Poland
Moana U. Delaney,tempus@Nunc.com,74,Venezuela
Hashim N. Molina,dis.parturient.montes@massalobortis.net,34,Norfolk Island
Anthony L. Rollins,velit@rhoncus.org,63,Liberia
Garrett X. Pena,eu.metus@Aliquamadipiscinglobortis.edu,71,Hungary
Carter N. Wooten,vel.turpis@interdumNuncsollicitudin.edu,57,Malta
Chelsea S. Forbes,nec.urna.suscipit@facilisi.net,44,New Zealand
Moana T. Mccarthy,convallis.erat@odiosempercursus.net,21,Tunisia
Tad A. Fields,neque@Proin.co.uk,48,Togo
Buckminster K. Hess,nisi.sem@utaliquam.org,66,Gambia
Owen T. Rodriquez,ornare.lectus.ante@hendreritconsectetuercursus.co.uk,48,Saint Helena, Ascension and Tristan da Cunha
Serena Z. Blake,justo@nunc.org,36,Samoa
Illiana P. Dixon,Fusce.aliquam.enim@eueuismod.org,34,Sao Tome and Principe
Isabella K. Boyle,eget@libero.edu,54,Estonia
Miranda W. Nixon,molestie@atiaculisquis.net,39,Seychelles
Ivana J. Doyle,neque@ligulaDonec.org,66,Laos
Holmes V. Acevedo,vitae@ipsumdolorsit.org,33,Madagascar
Jaden L. Drake,ac@vitaedolor.ca,59,Puerto Rico
Celeste J. Hawkins,faucibus.lectus.a@ipsum.edu,20,Tunisia
Vance R. Bass,Nunc.quis.arcu@tellus.com,66,Gabon
Arsenio N. Sykes,lorem.eu.metus@Nuncullamcorper.edu,51,Belize
Britanney R. Tran,nulla@Vestibulum.net,34,Togo
Owen X. Joyce,interdum@velitSed.net,62,Bahamas
Lois B. Herman,cubilia.Curae@nuncrisusvarius.edu,42,CÃ´te D'Ivoire (Ivory Coast)
Harriet A. Whitehead,auctor.velit.Aliquam@Donecatarcu.net,68,New Zealand
Reed M. Peck,euismod.in@DonectinciduntDonec.co.uk,58,Norfolk Island
Iris K. Valencia,justo.eu@a.net,76,Tuvalu
Venus S. Barlow,magna.Sed@MorbimetusVivamus.edu,33,Swazilandspark.
Kevin Q. Duffy,Mauris.vestibulum@justoProin.co.uk,26,China
Jasper I. Chase,urna.Nullam@lectus.net,40,Brunei
George J. Osborn,primis@dictummi.net,69,Saudi Arabia
Gray V. Alvarado,quam.Curabitur@In.ca,47,Macedonia
Anastasia C. Collins,hendrerit.Donec.porttitor@ornarefacilisiseget.net,39,Tokelau
Mercedes F. Chase,Etiam.ligula.tortor@pharetra.org,28,Turkey
Baker H. York,fringilla.est@pedeblandit.org,40,Marshall Islands
Reuben A. Harrell,erat@risus.com,23,Japan
Harlan L. Potter,arcu.iaculis.enim@elitNulla.ca,74,Saint Vincent and The Grenadines
Gannon V. Gibson,magna.Sed@lobortis.org,58,Tajikistan
Hyatt C. Conner,scelerisque.dui.Suspendisse@vitaesodales.net,50,Mexico
Cullen H. Suarez,arcu.Nunc.mauris@mollisvitaeposuere.co.uk,62,Qatar
Nathan I. Hays,mus.Proin.vel@tempus.ca,25,Canada
Nelle L. Chaney,Nullam.nisl@pedeet.net,77,Tanzania
Hanna E. Rosales,libero.Donec@quam.edu,69,Kenya
Jena X. Crane,semper.tellus.id@sollicitudinadipiscingligula.org,40,United States Minor Outlying Islands
Dorian F. Porter,sapien@anteipsumprimis.ca,57,Barbados
Burke E. Simon,eleifend.nunc.risus@Aeneangravida.edu,66,Slovenia
Indigo D. Haley,egestas.lacinia.Sed@Suspendissesagittis.net,28,Puerto Rico
Jael P. Moses,aliquet@nullaDonec.ca,78,Saint Martin
Barbara J. Guerrero,ante@Vestibulumanteipsum.net,77,Reunion
Emmanuel H. Battle,ipsum@lacusvestibulumlorem.co.uk,54,Viet Nam
Astra M. Roberson,est.Nunc.laoreet@ultrices.org,32,Cocos (Keeling) Islands
Hiram K. Oneill,eu.sem.Pellentesque@fringillaporttitor.edu,44,Cyprus
Driscoll Y. Beach,consequat.nec@cursusNuncmauris.co.uk,46,Panama
Kessie B. Horton,vitae@sedorcilobortis.org,75,Azerbaijan
Emmanuel M. Gonzalez,Proin.velit.Sed@quisdiam.ca,40,Burkina Faso
Owen J. Navarro,In.at@estvitae.org,68,Andorra
Kenyon T. Ball,quis.turpis@Pellentesque.net,78,Fiji
Rogan J. Ewing,lacinia.vitae.sodales@enimgravida.com,33,Fiji
Craig I. Harrell,ut@ametmassaQuisque.com,68,Bosnia and Herzegovina
Victor U. Whitley,enim.Curabitur.massa@nibhlacinia.net,40,Benin
Joshua T. Walter,Phasellus.dolor@accumsan.org,42,Saudi Arabia
Cleo P. Nunez,orci.Donec.nibh@hendrerit.org,33,Moldova
Hilda N. Young,vitae.dolor@gravidanon.edu,54,Burundi
Jesse X. Morse,massa.rutrum.magna@Maecenasmifelis.org,20,Pakistan
Castor B. Santana,tincidunt@duisemperet.ca,42,Netherlands
Katell F. Brown,at@Donectempus.co.uk,22,Sint Maarten
Keefe P. Marshall,velit.Cras@lacusQuisquepurus.net,68,Greenland
Chadwick G. Travis,pede.nec.ante@netusetmalesuada.ca,22,Saint Martin
Elton R. Hamilton,Sed.neque.Sed@enim.ca,53,Faroe Islands
Tanya P. Robles,porta.elit@liberolacusvarius.org,73,Turks and Caicos Islands
Keiko F. Allen,turpis.Aliquam.adipiscing@torquentperconubia.net,41,Niue
Chaim J. Waller,Suspendisse.sagittis@tristique.com,56,Georgia
Meghan A. Buckner,Morbi.metus@actellusSuspendisse.ca,32,Russian Federation
Kaseem O. Terrell,bibendum@acmattissemper.ca,24,Pitcairn Islands
Yoshi J. Hawkins,mattis.Cras@neque.net,44,Uganda
Jasmine P. Gould,Morbi.sit.amet@Sedegetlacus.net,43,Ireland
Erica N. Hoffman,malesuada@velit.edu,33,Argentina
Kitra X. White,tortor.Nunc.commodo@erat.co.uk,25,Lithuania
Dieter C. Cummings,ipsum@egestasSedpharetra.net,65,Netherlands
Lael U. Pierce,lacus@tellusSuspendisse.net,58,Lesotho
Peter B. Nixon,eget.massa.Suspendisse@odioauctorvitae.net,70,Western Sahara
Dillon G. Randolph,euismod@Duis.edu,66,Costa Rica
Talon H. Glenn,natoque.penatibus.et@aliquetPhasellusfermentum.co.uk,73,Ethiopia
Paula P. Huffman,ac@idrisus.co.uk,27,Spain
Amal T. Mullins,eu.elit.Nulla@utipsum.co.uk,52,Togo
Tanya K. Lang,Nunc@euplacerateget.org,45,Ghana
Jessica B. Davenport,lectus.Cum.sociis@imperdieteratnonummy.co.uk,69,French Southern Territories
Nero J. Gilmore,turpis.Nulla@maurisSuspendisse.com,63,Belgium
Riley Z. Palmer,odio.auctor@neque.com,36,Macao
Alec K. Beard,porttitor@Aeneansed.net,23,Lesotho
Eric W. Wilkins,nisl.Maecenas.malesuada@vitaemauris.net,26,Guam